Annuaire,URL inscription,Catégorie,Statut,Date soumission,Lien obtenu,DA/DR,Notes
Sortlist,https://www.sortlist.fr/agencies/new,Agence communication,,,,60,Profil détaillé + portfolio obligatoire
Clutch,https://clutch.co/get-listed,Agence digitale,,,,72,Demander avis clients après inscription
Pages Jaunes Maroc,https://www.pagesjaunes.ma,Communication & marketing,,,,35,Inscription gratuite disponible
Kompass Maroc,https://ma.kompass.com,Services aux entreprises,,,,45,Remplir fiche entreprise complète
AgenceSpotter,https://www.agencespotter.com,Agence web & communication,,,,30,Annuaire FR spécialisé agences
Annuaire Maroc,https://www.annuaire.ma,Communication,,,,20,Annuaire généraliste Maroc
LinkedIn Company,https://www.linkedin.com/company/,Agence communication,,,,90,Créer page + publier 1 post/semaine
Google Business,https://share.google/Cw7DXIvcW3RepW2Jt,Agence communication,✅ Créé,2026-04-27,,95,Demander vérification + ajouter photos
Instagram,https://www.instagram.com/supra_v3/,Agence communication,✅ Créé,,,85,Publier régulièrement
TikTok,https://www.tiktok.com/@supravofficiel,Agence communication,✅ Créé,,,70,
Snapchat,https://snapchat.com/t/jL89tQsB,Agence communication,✅ Créé,,,50,
Trustpilot,https://fr.trustpilot.com/evaluate,Agence digitale,,,,78,Inviter clients à laisser un avis
Malt,https://www.malt.fr/signup,Agence freelance / studio,,,,55,Profil pour visibilité France
CremedelaCreme,https://cremedelacreme.io,Agence créative,,,,40,Agences créatives haut de gamme
DesignRush,https://www.designrush.com/agency/profile,Agence branding & web,,,,55,Liste agences internationales
GoodFirms,https://www.goodfirms.co/companies/join,Agence web,,,,58,Avis clients importants
UpCity,https://upcity.com/local-marketing-agencies,Marketing digital,,,,52,Focus local marketing
Chambre de Commerce Marrakech,https://www.ccismd.ma,Agence de communication,,,,30,Annuaire officiel chambre de commerce
